prompt_id,round,attempt,alias,model_requested,simulated,measurement_source,request_id,warmup,status,error_code,total_ms,ttft_ms,first_event_ms,first_reasoning_delta_ms,observed_reasoning_stream_span_ms,output_tokens,input_tokens,cached_input_tokens,reasoning_tokens,visible_output_chars,thinking_time_ms,provider_output_tokens_per_second,visible_output_tokens,output_token_scope,logical_final,logical_total_ms,logical_ttft_ms,logical_output_tokens,logical_reasoning_tokens,finish_reason,streamed
frontend-snapshot,1,1,local-simulated-demo,local-synthetic-sse-model,True,host_api_stream,,False,completed,,31.495875009568408,27.15208299923688,11.933375004446134,17.101750010624528,5.025708000175655,121,19,,81,62,,3841.7729294150536,,provider-reported generated total; may include reasoning and invisible formatting,True,31.68341700802557,27.152458002092317,121,81,stop,True
code-transaction,1,1,local-simulated-demo,local-synthetic-sse-model,True,host_api_stream,,False,completed,,29.413374984869733,23.72591698076576,4.752209002617747,11.097416980192065,6.317916995612904,122,19,,82,62,,4147.772911566826,,provider-reported generated total; may include reasoning and invisible formatting,True,29.555999994045123,23.72737496625632,122,82,stop,True
reasoning-order,1,1,local-simulated-demo,local-synthetic-sse-model,True,host_api_stream,,False,completed,,20.28908400097862,16.32774999598041,4.92962499265559,8.653625001898035,3.7662499817088246,123,20,,83,62,,6062.373244354809,,provider-reported generated total; may include reasoning and invisible formatting,True,20.439084008103237,16.329083999153227,123,83,stop,True
reasoning-order,2,1,local-simulated-demo,local-synthetic-sse-model,True,host_api_stream,,False,completed,,24.88187499693595,19.804166979156435,4.7108749859035015,9.78241697885096,4.959500016411766,124,20,,84,62,,4983.547261421008,,provider-reported generated total; may include reasoning and invisible formatting,True,24.994625011458993,19.80466698296368,124,84,stop,True
frontend-snapshot,2,1,local-simulated-demo,local-synthetic-sse-model,True,host_api_stream,,False,completed,,30.399084003875032,24.039125011768192,4.843959002755582,11.312334012473002,6.3454580085817724,125,19,,85,62,,4111.966004767315,,provider-reported generated total; may include reasoning and invisible formatting,True,30.52179201040417,24.040250020334497,125,85,stop,True
code-transaction,2,1,local-simulated-demo,local-synthetic-sse-model,True,host_api_stream,,False,completed,,20.507291017565876,16.599624999798834,5.203333013923839,9.03870799811557,3.8198750116862357,126,19,,86,62,,6144.156236534241,,provider-reported generated total; may include reasoning and invisible formatting,True,20.678208995377645,16.600834002019837,126,86,stop,True
frontend-snapshot,3,1,local-simulated-demo,local-synthetic-sse-model,True,host_api_stream,,False,completed,,26.316333009162918,21.15683301235549,6.0360000061336905,11.026958003640175,5.0934579921886325,127,19,,87,62,,4825.90032417437,,provider-reported generated total; may include reasoning and invisible formatting,True,26.472500001545995,21.157250012038276,127,87,stop,True
reasoning-order,3,1,local-simulated-demo,local-synthetic-sse-model,True,host_api_stream,,False,completed,,31.37658300693147,24.791541014565155,5.856875010067597,12.162916013039649,6.326917005935684,128,20,,88,62,,4079.475447397291,,provider-reported generated total; may include reasoning and invisible formatting,True,31.593291991157457,24.793499993393198,128,88,stop,True
code-transaction,3,1,local-simulated-demo,local-synthetic-sse-model,True,host_api_stream,,False,completed,,21.668208995833993,17.79566699406132,6.745874998159707,10.587291995761916,3.866541985189542,129,19,,89,62,,5953.422362909736,,provider-reported generated total; may include reasoning and invisible formatting,True,21.834167011547834,17.79774998431094,129,89,stop,True
