scope,population,metric,observations,missing,mean,max,min,p50,p95,sum
overall,all_attempt_metrics,total_ms,9,0,26.260856558413554,31.495875009568408,20.28908400097862,26.316333009162918,31.448158208513632,236.347709025722
overall,all_attempt_metrics,ttft_ms,9,0,21.265856443076498,27.15208299923688,16.32774999598041,21.15683301235549,26.20786620536819,191.39270798768848
overall,all_attempt_metrics,first_event_ms,9,0,6.112458446295932,11.933375004446134,4.7108749859035015,5.203333013923839,9.858375001931561,55.01212601666339
overall,all_attempt_metrics,first_reasoning_delta_ms,9,0,11.195935221621767,17.101750010624528,8.653625001898035,11.026958003640175,15.126216411590574,100.7634169945959
overall,all_attempt_metrics,observed_reasoning_stream_span_ms,9,0,5.057958333054557,6.3454580085817724,3.7662499817088246,5.025708000175655,6.338041607523337,45.52162499749102
overall,all_attempt_metrics,output_tokens,9,0,125.0,129,121,125.0,128.6,1125
overall,all_attempt_metrics,input_tokens,9,0,19.333333333333332,20,19,19.0,20.0,174
overall,all_attempt_metrics,cached_input_tokens,0,9,,,,,,
overall,all_attempt_metrics,reasoning_tokens,9,0,85.0,89,81,85.0,88.6,765
overall,all_attempt_metrics,visible_output_chars,9,0,62.0,62,62,62.0,62.0,558
overall,all_attempt_metrics,thinking_time_ms,0,9,,,,,,
overall,all_attempt_metrics,provider_output_tokens_per_second,9,0,4905.598524726739,6144.156236534241,3841.7729294150536,4825.90032417437,6111.4430396624675,44150.38672254065
overall,successful_attempt_metrics,total_ms,9,0,26.260856558413554,31.495875009568408,20.28908400097862,26.316333009162918,31.448158208513632,236.347709025722
overall,successful_attempt_metrics,ttft_ms,9,0,21.265856443076498,27.15208299923688,16.32774999598041,21.15683301235549,26.20786620536819,191.39270798768848
overall,successful_attempt_metrics,first_event_ms,9,0,6.112458446295932,11.933375004446134,4.7108749859035015,5.203333013923839,9.858375001931561,55.01212601666339
overall,successful_attempt_metrics,first_reasoning_delta_ms,9,0,11.195935221621767,17.101750010624528,8.653625001898035,11.026958003640175,15.126216411590574,100.7634169945959
overall,successful_attempt_metrics,observed_reasoning_stream_span_ms,9,0,5.057958333054557,6.3454580085817724,3.7662499817088246,5.025708000175655,6.338041607523337,45.52162499749102
overall,successful_attempt_metrics,output_tokens,9,0,125.0,129,121,125.0,128.6,1125
overall,successful_attempt_metrics,input_tokens,9,0,19.333333333333332,20,19,19.0,20.0,174
overall,successful_attempt_metrics,cached_input_tokens,0,9,,,,,,
overall,successful_attempt_metrics,reasoning_tokens,9,0,85.0,89,81,85.0,88.6,765
overall,successful_attempt_metrics,visible_output_chars,9,0,62.0,62,62,62.0,62.0,558
overall,successful_attempt_metrics,thinking_time_ms,0,9,,,,,,
overall,successful_attempt_metrics,provider_output_tokens_per_second,9,0,4905.598524726739,6144.156236534241,3841.7729294150536,4825.90032417437,6111.4430396624675,44150.38672254065
overall,logical_runs,logical_total_ms,9,0,26.419231781296226,31.68341700802557,20.439084008103237,26.472500001545995,31.647367001278326,237.77308603166603
overall,logical_runs,logical_ttft_ms,9,0,21.26701866250692,27.152458002092317,16.329083999153227,21.157250012038276,26.20887479861267,191.4031679625623
code-transaction,all_attempt_metrics,total_ms,3,0,23.862958332756534,29.413374984869733,20.507291017565876,21.668208995833993,28.63885838596616,71.5888749982696
code-transaction,all_attempt_metrics,ttft_ms,3,0,19.373736324875306,23.72591698076576,16.599624999798834,17.79566699406132,23.132891982095316,58.121208974625915
code-transaction,all_attempt_metrics,first_event_ms,3,0,5.56713900490043,6.745874998159707,4.752209002617747,5.203333013923839,6.59162079973612,16.701417014701292
code-transaction,all_attempt_metrics,first_reasoning_delta_ms,3,0,10.241138991356516,11.097416980192065,9.03870799811557,10.587291995761916,11.04640448174905,30.72341697406955
code-transaction,all_attempt_metrics,observed_reasoning_stream_span_ms,3,0,4.668111330829561,6.317916995612904,3.8198750116862357,3.866541985189542,6.072779494570568,14.004333992488682
code-transaction,all_attempt_metrics,output_tokens,3,0,125.66666666666667,129,122,126.0,128.7,377
code-transaction,all_attempt_metrics,input_tokens,3,0,19.0,19,19,19.0,19.0,57
code-transaction,all_attempt_metrics,cached_input_tokens,0,3,,,,,,
code-transaction,all_attempt_metrics,reasoning_tokens,3,0,85.66666666666667,89,82,86.0,88.7,257
code-transaction,all_attempt_metrics,visible_output_chars,3,0,62.0,62,62,62.0,62.0,186
code-transaction,all_attempt_metrics,thinking_time_ms,0,3,,,,,,
code-transaction,all_attempt_metrics,provider_output_tokens_per_second,3,0,5415.117170336934,6144.156236534241,4147.772911566826,5953.422362909736,6125.08284917179,16245.351511010802
code-transaction,successful_attempt_metrics,total_ms,3,0,23.862958332756534,29.413374984869733,20.507291017565876,21.668208995833993,28.63885838596616,71.5888749982696
code-transaction,successful_attempt_metrics,ttft_ms,3,0,19.373736324875306,23.72591698076576,16.599624999798834,17.79566699406132,23.132891982095316,58.121208974625915
code-transaction,successful_attempt_metrics,first_event_ms,3,0,5.56713900490043,6.745874998159707,4.752209002617747,5.203333013923839,6.59162079973612,16.701417014701292
code-transaction,successful_attempt_metrics,first_reasoning_delta_ms,3,0,10.241138991356516,11.097416980192065,9.03870799811557,10.587291995761916,11.04640448174905,30.72341697406955
code-transaction,successful_attempt_metrics,observed_reasoning_stream_span_ms,3,0,4.668111330829561,6.317916995612904,3.8198750116862357,3.866541985189542,6.072779494570568,14.004333992488682
code-transaction,successful_attempt_metrics,output_tokens,3,0,125.66666666666667,129,122,126.0,128.7,377
code-transaction,successful_attempt_metrics,input_tokens,3,0,19.0,19,19,19.0,19.0,57
code-transaction,successful_attempt_metrics,cached_input_tokens,0,3,,,,,,
code-transaction,successful_attempt_metrics,reasoning_tokens,3,0,85.66666666666667,89,82,86.0,88.7,257
code-transaction,successful_attempt_metrics,visible_output_chars,3,0,62.0,62,62,62.0,62.0,186
code-transaction,successful_attempt_metrics,thinking_time_ms,0,3,,,,,,
code-transaction,successful_attempt_metrics,provider_output_tokens_per_second,3,0,5415.117170336934,6144.156236534241,4147.772911566826,5953.422362909736,6125.08284917179,16245.351511010802
code-transaction,logical_runs,logical_total_ms,3,0,24.022792000323534,29.555999994045123,20.678208995377645,21.834167011547834,28.783816695795394,72.0683760009706
code-transaction,logical_runs,logical_ttft_ms,3,0,19.375319650862366,23.72737496625632,16.600834002019837,17.79774998431094,23.134412468061782,58.1259589525871
frontend-snapshot,all_attempt_metrics,total_ms,3,0,29.403764007535454,31.495875009568408,26.316333009162918,30.399084003875032,31.38619590899907,88.21129202260636
frontend-snapshot,all_attempt_metrics,ttft_ms,3,0,24.116013674453523,27.15208299923688,21.15683301235549,24.039125011768192,26.840787200490013,72.34804102336057
frontend-snapshot,all_attempt_metrics,first_event_ms,3,0,7.604444671111803,11.933375004446134,4.843959002755582,6.0360000061336905,11.34363750461489,22.813334013335407
frontend-snapshot,all_attempt_metrics,first_reasoning_delta_ms,3,0,13.147014008912569,17.101750010624528,11.026958003640175,11.312334012473002,16.522808410809375,39.441042026737705
frontend-snapshot,all_attempt_metrics,observed_reasoning_stream_span_ms,3,0,5.488208000315353,6.3454580085817724,5.025708000175655,5.0934579921886325,6.2202580069424585,16.46462400094606
frontend-snapshot,all_attempt_metrics,output_tokens,3,0,124.33333333333333,127,121,125.0,126.8,373
frontend-snapshot,all_attempt_metrics,input_tokens,3,0,19.0,19,19,19.0,19.0,57
frontend-snapshot,all_attempt_metrics,cached_input_tokens,0,3,,,,,,
frontend-snapshot,all_attempt_metrics,reasoning_tokens,3,0,84.33333333333333,87,81,85.0,86.8,253
frontend-snapshot,all_attempt_metrics,visible_output_chars,3,0,62.0,62,62,62.0,62.0,186
frontend-snapshot,all_attempt_metrics,thinking_time_ms,0,3,,,,,,
frontend-snapshot,all_attempt_metrics,provider_output_tokens_per_second,3,0,4259.8797527855795,4825.90032417437,3841.7729294150536,4111.966004767315,4754.506892233665,12779.63925835674
frontend-snapshot,successful_attempt_metrics,total_ms,3,0,29.403764007535454,31.495875009568408,26.316333009162918,30.399084003875032,31.38619590899907,88.21129202260636
frontend-snapshot,successful_attempt_metrics,ttft_ms,3,0,24.116013674453523,27.15208299923688,21.15683301235549,24.039125011768192,26.840787200490013,72.34804102336057
frontend-snapshot,successful_attempt_metrics,first_event_ms,3,0,7.604444671111803,11.933375004446134,4.843959002755582,6.0360000061336905,11.34363750461489,22.813334013335407
frontend-snapshot,successful_attempt_metrics,first_reasoning_delta_ms,3,0,13.147014008912569,17.101750010624528,11.026958003640175,11.312334012473002,16.522808410809375,39.441042026737705
frontend-snapshot,successful_attempt_metrics,observed_reasoning_stream_span_ms,3,0,5.488208000315353,6.3454580085817724,5.025708000175655,5.0934579921886325,6.2202580069424585,16.46462400094606
frontend-snapshot,successful_attempt_metrics,output_tokens,3,0,124.33333333333333,127,121,125.0,126.8,373
frontend-snapshot,successful_attempt_metrics,input_tokens,3,0,19.0,19,19,19.0,19.0,57
frontend-snapshot,successful_attempt_metrics,cached_input_tokens,0,3,,,,,,
frontend-snapshot,successful_attempt_metrics,reasoning_tokens,3,0,84.33333333333333,87,81,85.0,86.8,253
frontend-snapshot,successful_attempt_metrics,visible_output_chars,3,0,62.0,62,62,62.0,62.0,186
frontend-snapshot,successful_attempt_metrics,thinking_time_ms,0,3,,,,,,
frontend-snapshot,successful_attempt_metrics,provider_output_tokens_per_second,3,0,4259.8797527855795,4825.90032417437,3841.7729294150536,4111.966004767315,4754.506892233665,12779.63925835674
frontend-snapshot,logical_runs,logical_total_ms,3,0,29.559236339991912,31.68341700802557,26.472500001545995,30.52179201040417,31.56725450826343,88.67770901997574
frontend-snapshot,logical_runs,logical_ttft_ms,3,0,24.11665267815503,27.152458002092317,21.157250012038276,24.040250020334497,26.841237203916535,72.34995803446509
reasoning-order,all_attempt_metrics,total_ms,3,0,25.515847334948678,31.37658300693147,20.28908400097862,24.88187499693595,30.727112205931917,76.54754200484604
reasoning-order,all_attempt_metrics,ttft_ms,3,0,20.307819329900667,24.791541014565155,16.32774999598041,19.804166979156435,24.292803611024283,60.923457989702
reasoning-order,all_attempt_metrics,first_event_ms,3,0,5.165791662875563,5.856875010067597,4.7108749859035015,4.92962499265559,5.764150008326396,15.497374988626689
reasoning-order,all_attempt_metrics,first_reasoning_delta_ms,3,0,10.199652664596215,12.162916013039649,8.653625001898035,9.78241697885096,11.92486610962078,30.598957993788645
reasoning-order,all_attempt_metrics,observed_reasoning_stream_span_ms,3,0,5.017555668018758,6.326917005935684,3.7662499817088246,4.959500016411766,6.190175306983292,15.052667004056275
reasoning-order,all_attempt_metrics,output_tokens,3,0,125.0,128,123,124.0,127.6,375
reasoning-order,all_attempt_metrics,input_tokens,3,0,20.0,20,20,20.0,20.0,60
reasoning-order,all_attempt_metrics,cached_input_tokens,0,3,,,,,,
reasoning-order,all_attempt_metrics,reasoning_tokens,3,0,85.0,88,83,84.0,87.6,255
reasoning-order,all_attempt_metrics,visible_output_chars,3,0,62.0,62,62,62.0,62.0,186
reasoning-order,all_attempt_metrics,thinking_time_ms,0,3,,,,,,
reasoning-order,all_attempt_metrics,provider_output_tokens_per_second,3,0,5041.798651057703,6062.373244354809,4079.475447397291,4983.547261421008,5954.490646061428,15125.395953173109
reasoning-order,successful_attempt_metrics,total_ms,3,0,25.515847334948678,31.37658300693147,20.28908400097862,24.88187499693595,30.727112205931917,76.54754200484604
reasoning-order,successful_attempt_metrics,ttft_ms,3,0,20.307819329900667,24.791541014565155,16.32774999598041,19.804166979156435,24.292803611024283,60.923457989702
reasoning-order,successful_attempt_metrics,first_event_ms,3,0,5.165791662875563,5.856875010067597,4.7108749859035015,4.92962499265559,5.764150008326396,15.497374988626689
reasoning-order,successful_attempt_metrics,first_reasoning_delta_ms,3,0,10.199652664596215,12.162916013039649,8.653625001898035,9.78241697885096,11.92486610962078,30.598957993788645
reasoning-order,successful_attempt_metrics,observed_reasoning_stream_span_ms,3,0,5.017555668018758,6.326917005935684,3.7662499817088246,4.959500016411766,6.190175306983292,15.052667004056275
reasoning-order,successful_attempt_metrics,output_tokens,3,0,125.0,128,123,124.0,127.6,375
reasoning-order,successful_attempt_metrics,input_tokens,3,0,20.0,20,20,20.0,20.0,60
reasoning-order,successful_attempt_metrics,cached_input_tokens,0,3,,,,,,
reasoning-order,successful_attempt_metrics,reasoning_tokens,3,0,85.0,88,83,84.0,87.6,255
reasoning-order,successful_attempt_metrics,visible_output_chars,3,0,62.0,62,62,62.0,62.0,186
reasoning-order,successful_attempt_metrics,thinking_time_ms,0,3,,,,,,
reasoning-order,successful_attempt_metrics,provider_output_tokens_per_second,3,0,5041.798651057703,6062.373244354809,4079.475447397291,4983.547261421008,5954.490646061428,15125.395953173109
reasoning-order,logical_runs,logical_total_ms,3,0,25.675667003573228,31.593291991157457,20.439084008103237,24.994625011458993,30.93342529318761,77.02700101071969
reasoning-order,logical_runs,logical_ttft_ms,3,0,20.30908365850337,24.793499993393198,16.329083999153227,19.80466698296368,24.294616692350246,60.927250975510105
